state,iret,length,exit
12345672121232,139937,11,0
12345672123212,85952,11,0
12345672321212,86798,11,0
12345673131323,230061,11,0
12345673132313,94436,11,0
12345673231313,78635,11,0
12345761111111,395582,11,0
12346571111231,97868,11,0
12346751113133,99822,11,0
12347561112212,104440,11,0
12347651111111,423379,11,0
12347651122112,121995,11,0
12347651133311,192555,11,0
12347652111221,91157,11,0
12347652123233,124136,11,0
12347652123332,118137,11,0
12347652223232,103910,11,0
12347653111133,116965,11,0
12347653132223,71242,11,0
12347653132322,159447,11,0
12347653332323,117064,11,0
12354671111111,433791,11,0
12354761112323,390411,11,0
12354762121112,177938,11,0
12354762121211,78874,11,0
12354762311123,106118,11,0
12354763131131,77943,11,0
12354763133111,134910,11,0
12354763211123,176134,11,0
12356471113133,98888,11,0
12356741133131,79760,11,0
12356741313131,126247,11,0
12356743113131,91344,11,0
12357461111222,211870,11,0
12357461113331,240687,11,0
12357462211112,173154,11,0
12357641113331,93866,11,0
12364571112212,101825,11,0
12364751112212,115901,11,0
12364751113133,132863,11,0
12364753311131,88398,11,0
12365471111111,312942,11,0
12365471211122,185572,11,0
12365471313113,105694,11,0
12365472223232,115623,11,0
12365472321233,121216,11,0
12365473232312,77771,11,0
12365473332323,110519,11,0
12365741113331,219692,11,0
12367451123333,138340,11,0
12367451132222,92364,11,0
12367451213333,94288,11,0
12367451312222,156088,11,0
12367452113333,139861,11,0
12367453112222,90024,11,0
12367541112212,120552,11,0
12367541113331,136073,11,0
12367541331131,84866,11,0
12374561121212,126148,11,0
12374561211212,84184,11,0
12374562111212,113035,11,0
12374651111222,210228,11,0
12375461111222,107136,11,0
12375641113112,98761,11,0
12376451111222,112301,11,0
12376451113133,113537,11,0
12376451221211,88498,11,0
12376541112323,211035,11,0
12376541232233,277021,11,0
12376541322233,78951,11,0
12376542121232,89696,11,0
12376542123212,107862,11,0
12376543133132,87596,11,0
12376543133231,74312,11,0
12456731132321,211561,11,0
12456731233223,126922,11,0
12456733223321,87650,11,0
12463751231231,86222,11,0
12467351131121,103707,11,0
12467351231321,116412,11,0
12473561132123,153310,11,0
12536741112323,315974,11,0
12537461332112,55132,11,0
12543671111111,426508,11,0
12543671211212,105239,11,0
12543671331113,175969,11,0
12543672121121,96209,11,0
12543672321332,95340,11,0
12543672322232,88521,11,0
12543672331232,107428,11,0
12543673111331,82313,11,0
12543673221323,164487,11,0
12543673231223,86866,11,0
12543673233323,124217,11,0
12546371221331,58334,11,0
12563472131213,102583,11,0
12563473131212,128966,11,0
12564733323122,57100,11,0
12567433232333,99624,11,0
12576343212221,123666,11,0
12637451132111,171820,11,0
12637451332112,49277,11,0
12643571321321,47589,11,0
12645371131121,149497,11,0
12673542331133,82813,11,0
12734561112323,135104,11,0
12734561322233,133287,11,0
12734562313223,78098,11,0
12745631111111,409262,11,0
12745632111122,89035,11,0
12745632212213,111980,11,0
12745632222221,102576,11,0
12745632232211,84625,11,0
12745633131131,96379,11,0
12745633313312,98477,11,0
12745633313333,121658,11,0
12745633323311,94370,11,0
12753462231323,79677,11,0
12763452322232,116369,11,0
12765432121313,98860,11,0
12765432222212,188798,11,0
12765433121213,237558,11,0
12765433331333,107371,11,0
13245671321111,286979,11,0
13246571111111,486951,11,0
13246571112233,160870,11,0
13246571113232,125511,11,0
13246572321332,115822,11,0
13246572331232,80412,11,0
13246573221233,82471,11,0
13246573321223,121877,11,0
13246752133211,113076,11,0
13247563212131,98718,11,0
13254761322233,307007,11,0
13254761323322,73117,11,0
13254762321233,112441,11,0
13254763323122,85922,11,0
13257641112233,174700,11,0
13265741112323,381490,11,0
13265742131312,126522,11,0
13267451122211,162687,11,0
13267451311133,141317,11,0
13267541111132,173464,11,0
13267541232212,89912,11,0
13274651112323,352022,11,0
13275461112233,202992,11,0
13275463213211,82002,11,0
13275641112233,334870,11,0
13275641112323,129781,11,0
13275642131333,94375,11,0
13275643212221,103901,11,0
13276451113211,193177,11,0
13276451233133,105250,11,0
13276541133122,129619,11,0
13276541213312,149732,11,0
13276541321123,132663,11,0
13276541322311,189341,11,0
13276541323112,242988,11,0
13276541323322,188525,11,0
13276542323312,115161,11,0
13276543323122,101618,11,0
13462571111111,263463,11,0
13462572213311,125269,11,0
13527461211113,156945,11,0
13542671231231,50869,11,0
13546271213213,85657,11,0
13546271231231,77956,11,0
13546271321321,59210,11,0
13572641122133,197493,11,0
13576241312213,144499,11,0
13576241321321,67712,11,0
13627451332112,59055,11,0
13642571221223,54205,11,0
13642571223221,53263,11,0
13642573221221,75210,11,0
13645271221331,50242,11,0
13647521111111,231297,11,0
13675241112323,190130,11,0
13675242331313,82096,11,0
13725642332132,96932,11,0
13754262123323,244515,11,0
13762451321321,77068,11,0
13764251211311,62392,11,0
13764252323231,96864,11,0
13765422121211,110333,11,0
14263751131121,71943,11,0
14267351321321,80085,11,0
14275633323122,87726,11,0
14325671111111,478292,11,0
14325672112121,119965,11,0
14325672231323,132746,11,0
14325672323222,114751,11,0
14325673123232,95410,11,0
14325673232333,129575,11,0
14325673311131,192724,11,0
14327652131213,109211,11,0
14327653121213,156440,11,0
14352672212111,84194,11,0
14356721112323,141380,11,0
14356721322233,178242,11,0
14367252322232,103611,11,0
14367523311113,178012,11,0
14523672121313,135491,11,0
14523673121312,169528,11,0
14527631121311,132197,11,0
14527631131211,165636,11,0
14527631133311,95712,11,0
14527631211131,157876,11,0
14527631311121,232852,11,0
14527632122213,137840,11,0
14527632212111,118932,11,0
14527632333332,85478,11,0
14527633132322,89070,11,0
14527633312133,72229,11,0
14536273311311,96875,11,0
14537622231323,75673,11,0
14563272323222,107996,11,0
14567231312213,263735,11,0
14567231321123,121745,11,0
14573261333111,81618,11,0
14625731111111,374418,11,0
14625731131121,105359,11,0
14625731322233,165037,11,0
14625732112121,126610,11,0
14625732113321,137661,11,0
14625732213323,108753,11,0
14625732233111,100475,11,0
14625733133111,93623,11,0
14632571111111,249861,11,0
14632571321132,168800,11,0
14652733321331,68494,11,0
14673251111111,452161,11,0
14723651111213,142050,11,0
14723651111312,214608,11,0
14723651112131,248427,11,0
14723651113121,127158,11,0
14723651211212,80775,11,0
14723652322121,72727,11,0
14723652331232,86723,11,0
14723653232222,71163,11,0
14723653313111,123126,11,0
14723653321313,120540,11,0
14725361111111,414025,11,0
14725361111123,160343,11,0
14725361322332,157136,11,0
14725362211121,120383,11,0
14725363211213,91032,11,0
14725363213121,86682,11,0
14725363223213,119724,11,0
14725363311113,120392,11,0
14726531223122,147237,11,0
14726531232122,141079,11,0
14726531233313,121320,11,0
14726531333312,126959,11,0
14726532232313,109911,11,0
14726533323122,86961,11,0
14735621221112,121270,11,0
14735621223113,93649,11,0
14735621223332,165112,11,0
14735621233112,143195,11,0
14735621323112,158584,11,0
14735621332112,89258,11,0
14735621333111,117929,11,0
14735621333222,97656,11,0
14736251111132,113520,11,0
14736251112332,76136,11,0
14736253222223,128726,11,0
14736521132222,73619,11,0
14736521133131,65964,11,0
14736521211212,61726,11,0
14736521213333,76048,11,0
14736521221313,76205,11,0
14736521321231,230024,11,0
14736521322233,160542,11,0
14736521332121,89110,11,0
14736523112222,68465,11,0
14736523113131,60376,11,0
14752363222121,81586,11,0
14752363232222,73771,11,0
14752363233131,79967,11,0
14752631111111,461705,11,0
14752631112311,184349,11,0
14752631323223,163221,11,0
14752632332132,95936,11,0
14752633213223,118693,11,0
14752633222223,205876,11,0
14752633223123,122072,11,0
14752633223231,99886,11,0
14753261221112,156893,11,0
14753261323112,336944,11,0
14753261333111,159983,11,0
14762351221331,110662,11,0
14762351321231,163901,11,0
14762351331221,96436,11,0
14763251221223,119947,11,0
14763251222312,102057,11,0
14763251332331,106176,11,0
14763251333123,90542,11,0
14763252322121,77905,11,0
14763253132232,72842,11,0
14763253133132,89233,11,0
14763253133222,93054,11,0
14763253133231,81820,11,0
14763253221221,131536,11,0
14763253222112,88679,11,0
14763521113211,112717,11,0
14763521113223,80844,11,0
14763523222331,78829,11,0
14765231111213,220967,11,0
14765231111312,139465,11,0
14765231112131,152709,11,0
14765231113121,185346,11,0
14765231133131,85569,11,0
14765232211211,97844,11,0
14765232232322,99038,11,0
14765232331313,73512,11,0
14765233113131,64172,11,0
14765233323332,88498,11,0
15236471111111,250543,11,0
15236473231121,153695,11,0
15243671331221,60303,11,0
15246371331332,53862,11,0
15246371332331,55213,11,0
15246372331331,48843,11,0
15267431223113,57090,11,0
15273641112323,197275,11,0
15324673113311,108857,11,0
15342671211311,129228,11,0
15346271321321,47123,11,0
15367421211113,176829,11,0
15367421223113,52317,11,0
15367423211123,137120,11,0
15426371111111,187481,11,0
15426371112233,144348,11,0
15463271313113,72435,11,0
15624732123212,81369,11,0
15624732133313,162496,11,0
15624732333332,57885,11,0
15627431223113,57683,11,0
15627431322113,88020,11,0
15627431332112,60420,11,0
15634722123332,133086,11,0
15634722321233,92198,11,0
15637423211123,194190,11,0
15642371111111,540940,11,0
15642372213311,154644,11,0
15642372231332,88923,11,0
15642372331322,93025,11,0
15642373212311,153181,11,0
15642373221323,153731,11,0
15642373231223,106235,11,0
15643271221331,63639,11,0
15643271331221,66207,11,0
15643273223111,122445,11,0
15647233213232,79814,11,0
15672341113232,155307,11,0
15672341323112,100380,11,0
15672342323312,94095,11,0
15672343213232,110050,11,0
15672433312133,101437,11,0
15724362212132,86778,11,0
15724631111111,319579,11,0
15724631211311,86029,11,0
15724631322233,170666,11,0
15724632123233,154952,11,0
15724632313223,108744,11,0
15724632323231,125827,11,0
15724632323333,142470,11,0
15724633132322,79101,11,0
15734622331223,76528,11,0
15746321111111,246683,11,0
15746321323211,152996,11,0
15746322313112,92445,11,0
15762342122213,119312,11,0
15763241111111,444357,11,0
15763242323132,96343,11,0
16243571132132,83002,11,0
16243571231231,62459,11,0
16243571321321,54570,11,0
16245371231231,58141,11,0
16254733312223,402097,11,0
16257431132111,148746,11,0
16257433223123,88159,11,0
16273541122133,151521,11,0
16273541321321,79024,11,0
16275341312213,186376,11,0
16275343122221,76642,11,0
16327453232333,93942,11,0
16342571331221,56620,11,0
16345271111111,619323,11,0
16345271133131,105601,11,0
16345271222111,177042,11,0
16345272322232,101507,11,0
16345272333212,97727,11,0
16345273122323,107247,11,0
16345273233323,128026,11,0
16347252131312,147915,11,0
16347253121312,117038,11,0
16357421223113,56008,11,0
16374521112323,324022,11,0
16374523211123,129126,11,0
16423572112121,66739,11,0
16427531211311,112029,11,0
16427531231321,175898,11,0
16427532333233,183685,11,0
16453271111111,339361,11,0
16453271211113,117105,11,0
16453272111131,93472,11,0
16475233132313,95006,11,0
16523473332323,109863,11,0
16523741112212,105497,11,0
16524731112212,138872,11,0
16524731112233,151403,11,0
16524731113133,129743,11,0
16527341111111,227420,11,0
16527431123333,308871,11,0
16527431222132,95620,11,0
16527431312222,308466,11,0
16527431333213,74269,11,0
16527432113333,211015,11,0
16527432211322,115000,11,0
16527432231122,111255,11,0
16527432231332,71094,11,0
16527432331322,78541,11,0
16527432333113,62596,11,0
16527433312133,78356,11,0
16532471111222,130854,11,0
16534271111111,260138,11,0
16534271111132,104328,11,0
16534273211111,124406,11,0
16534723211123,368671,11,0
16537421111222,115988,11,0
16537421113322,158501,11,0
16537421113331,118931,11,0
16537421223113,58064,11,0
16537421233112,113422,11,0
16537421332112,58418,11,0
16542371221331,56810,11,0
16542371331221,69261,11,0
16542372112331,109287,11,0
16543271221223,80269,11,0
16543271223221,67442,11,0
16543271331332,74101,11,0
16543271332331,63509,11,0
16543272331331,52450,11,0
16543273221221,66981,11,0
16543721111111,239520,11,0
16543721113211,105451,11,0
16547233332323,130778,11,0
16547321113331,146404,11,0
16572431111111,249672,11,0
16572433213223,101712,11,0
16573241123123,101625,11,0
16573241312312,87801,11,0
16574231113133,105640,11,0
16723451122133,227344,11,0
16723451322311,104522,11,0
16725431121311,193024,11,0
16725431131211,147078,11,0
16725431211122,98872,11,0
16725431211131,205478,11,0
16725431311121,115781,11,0
16725432211121,90558,11,0
16725432232223,118093,11,0
16725433113311,96636,11,0
16725433122212,91377,11,0
16725433333232,84671,11,0
16735242122213,103008,11,0
16742352232313,104011,11,0
16743252323222,107200,11,0
16745232121313,138683,11,0
16745232122222,133106,11,0
16745233121213,120725,11,0
16745233333313,284756,11,0
16753241221112,84054,11,0
17246351111111,264055,11,0
17265433111313,179449,11,0
17324561211323,129514,11,0
17324561232332,106082,11,0
17326452212111,141453,11,0
17356241212313,130366,11,0
17356242211331,150625,11,0
17362451211311,88403,11,0
17362451231321,116540,11,0
17362452213311,79237,11,0
17364251231231,92561,11,0
17423653213232,57912,11,0
17425631122112,119739,11,0
17425631223113,93680,11,0
17425631313113,116761,11,0
17425631322113,104530,11,0
17425631322332,136232,11,0
17425631323112,138554,11,0
17425631323223,107257,11,0
17425631332112,97800,11,0
17426531112233,70598,11,0
17426531121212,100375,11,0
17426531132312,194946,11,0
17426531213123,209144,11,0
17426531223221,73685,11,0
17426531232233,176460,11,0
17426531313131,95998,11,0
17426531331332,78416,11,0
17426532121211,71046,11,0
17426532331331,72429,11,0
17435622211133,120137,11,0
17435623211123,342317,11,0
17436521323232,164477,11,0
17452363213232,67324,11,0
17452363322132,84085,11,0
17452633213232,57305,11,0
17453262211133,80819,11,0
17462352213311,109680,11,0
17463251122112,113651,11,0
17463251221331,78551,11,0
17463251313113,109606,11,0
17463251321231,124985,11,0
17463251323112,309908,11,0
17463251331221,82301,11,0
17526431131121,101133,11,0
17526431231321,182195,11,0
17526432123233,149574,11,0
17543261111111,333483,11,0
17543261132111,113219,11,0
17642531111111,187354,11,0
17642531112233,166892,11,0
17642533312211,88994,11,0
17643251122112,74769,11,0
21345671111111,313793,11,0
21345762223322,161157,11,0
21345762312323,271583,11,0
21345762313223,227382,11,0
21345763332233,147038,11,0
21346752313322,282707,11,0
21347562312323,207514,11,0
21354671122112,101873,11,0
21354671131313,71366,11,0
21354671221112,81899,11,0
21354672311123,160197,11,0
21354672311132,267027,11,0
21354672313211,512408,11,0
21354673131113,91346,11,0
21354761112233,165416,11,0
21354761112311,103608,11,0
21354761113211,123529,11,0
21354761113322,90471,11,0
21354761122211,131588,11,0
21354761133311,122461,11,0
21354762213311,151747,11,0
21354763312211,111105,11,0
21357462311111,201065,11,0
21357463213331,107049,11,0
21357642221132,183884,11,0
21364752311111,147642,11,0
21364753212212,75076,11,0
21365742221312,119403,11,0
21365742312323,192933,11,0
21367451311331,76004,11,0
21367452112112,73110,11,0
21374653333121,77360,11,0
21375462312233,151431,11,0
21375463333211,196543,11,0
21376541111123,62527,11,0
21376541112311,129014,11,0
21376541122211,121855,11,0
21376541131133,109712,11,0
21457631321123,146998,11,0
21473563331312,119599,11,0
21536742222131,130645,11,0
21654372231323,126948,11,0
21654372233321,139667,11,0
21654373332122,71141,11,0
21654373332221,69145,11,0
21734652123131,98116,11,0
23147562123131,212065,11,0
23147651112323,119920,11,0
23147652312323,111646,11,0
23156471222132,73363,11,0
23156471333132,78475,11,0
23156473323332,62157,11,0
23157461231333,136110,11,0
23157462131123,113502,11,0
23164573213133,80524,11,0
23164752131312,231436,11,0
23164753333313,130288,11,0
23165471111111,324078,11,0
23165471311133,112274,11,0
23165471312132,101544,11,0
23165472111122,115176,11,0
23165472111332,95969,11,0
23165472132332,138034,11,0
23165472311111,194554,11,0
23165473233221,137203,11,0
23165741112323,103083,11,0
23165741231312,106762,11,0
23165742123131,316295,11,0
23165742131321,124946,11,0
23165742131333,192733,11,0
23165742312323,200003,11,0
23165743331312,181804,11,0
23167541233322,97786,11,0
23167542131222,183817,11,0
23174652123131,311397,11,0
23175463211222,84321,11,0
23176452132221,81772,11,0
23176453332233,174885,11,0
23416752121211,166562,11,0
23417563232123,80052,11,0
23456173212332,53384,11,0
23456173233122,91342,11,0
23456713212332,49582,11,0
23475162121112,210271,11,0
23517462131333,173137,11,0
23576412233321,101039,11,0
23576412312323,123373,11,0
23657142121112,139500,11,0
23671452122333,192778,11,0
23674153232321,68945,11,0
23751461132123,134162,11,0
23751463112321,101013,11,0
23756143222331,60597,11,0
23756411222312,69839,11,0
23756413222112,74109,11,0
23756413223312,60759,11,0
23756413322312,63255,11,0
24153672321233,93288,11,0
24157361313212,93296,11,0
24157362323111,162251,11,0
24167353132232,130501,11,0
24173652323231,104590,11,0
24315673311311,169405,11,0
24315761122322,115746,11,0
24315762213323,257529,11,0
24351671212211,198976,11,0
24351673111133,216414,11,0
24351673311311,266137,11,0
24351761111123,161709,11,0
24351761212232,125487,11,0
24367511323112,148910,11,0
24367513111121,106302,11,0
24376512222122,115267,11,0
24516732233111,202612,11,0
24531673123121,62827,11,0
24536713231232,101208,11,0
24537613231322,153107,11,0
24561372111131,266986,11,0
24563711121212,141949,11,0
24563712121232,168867,11,0
24563713121222,136251,11,0
24571362221213,178401,11,0
24571631121212,111129,11,0
24615371112332,76035,11,0
24615372213311,184630,11,0
24615731122313,120434,11,0
24615731132333,237298,11,0
24615732111323,113725,11,0
24615732213311,223606,11,0
24615732233321,248774,11,0
24615733113323,210744,11,0
24615733311122,287061,11,0
24617532233321,206052,11,0
24637512311132,283284,11,0
24651731113223,79427,11,0
24651731333333,127695,11,0
24715363311332,83584,11,0
24715631111111,217758,11,0
24715631122121,107312,11,0
24715631122133,197533,11,0
24715632313223,107269,11,0
24715633112111,60060,11,0
24715633131131,101630,11,0
24716532323231,169724,11,0
24731561111111,302035,11,0
24731562311231,118255,11,0
24736512222332,143861,11,0
24751362221231,147839,11,0
24751362321113,170083,11,0
24761531221223,92535,11,0
24763151111111,279714,11,0
24765313222112,116331,11,0
25134672233321,121618,11,0
25134672312323,81895,11,0
25134672313211,193568,11,0
25137461111111,221940,11,0
25137461211323,95852,11,0
25163741112323,142308,11,0
25314673111313,225505,11,0
25314673111331,188865,11,0
25314673131311,240658,11,0
25341673113311,196891,11,0
25341762313223,174343,11,0
25364172311231,233135,11,0
25364173223231,108560,11,0
25367411211122,96928,11,0
25413672323111,187798,11,0
25413763121222,110284,11,0
25436711311313,116368,11,0
25436712123122,121286,11,0
25436712123332,120301,11,0
25436712132122,100722,11,0
25436712323231,116772,11,0
25436713232321,63201,11,0
25436713332122,128794,11,0
25463713212332,50162,11,0
25471362323132,153666,11,0
25471631312213,263228,11,0
25631741212121,143753,11,0
25634713321232,161933,11,0
25641371213132,99568,11,0
25714632123131,269060,11,0
25714632223331,168354,11,0
25714632313211,419006,11,0
25714633121333,357769,11,0
25716431212223,108692,11,0
25716433223213,78703,11,0
25731642232211,191633,11,0
25734162221111,142445,11,0
25734613113323,141235,11,0
25736141111123,94432,11,0
25736141233232,135604,11,0
25736411133113,98778,11,0
25736411231321,110169,11,0
25736411321312,69001,11,0
25736411331113,124707,11,0
25736413123112,88860,11,0
25741361232113,119980,11,0
25741632222323,167569,11,0
25741632312323,148955,11,0
25743611233232,93184,11,0
25763142223133,147156,11,0
25763411332322,112405,11,0
26135742132221,93570,11,0
26135742213323,134355,11,0
26135742332312,115364,11,0
26153471122121,139104,11,0
26153473131131,181198,11,0
26153473132121,137720,11,0
26154372332213,279737,11,0
26175432331133,159580,11,0
26317451212211,158936,11,0
26345711223113,71546,11,0
26371453112111,89692,11,0
26415731322323,88792,11,0
26415732121223,143506,11,0
26415732233321,150105,11,0
26435712222122,281258,11,0
26435712233321,158463,11,0
26435712311132,309366,11,0
26435712322322,132327,11,0
26435713311122,105649,11,0
26435713333133,109849,11,0
26437512122312,181757,11,0
26453172211133,141533,11,0
26453711333333,78867,11,0
26513471122121,96685,11,0
26517343333313,102803,11,0
26534713333313,161845,11,0
26543171111111,194893,11,0
26543171123111,104371,11,0
26547313131323,130722,11,0
26573413331312,86799,11,0
26714531212133,125896,11,0
26714532121133,110738,11,0
26715433231322,88991,11,0
26741351232113,95642,11,0
26743512121232,236321,11,0
27134561131133,183539,11,0
27154632311132,116514,11,0
27314652313211,263474,11,0
27365412321212,185111,11,0
27415363131113,141835,11,0
27415632323231,177351,11,0
27415633321322,138658,11,0
27416532133232,80390,11,0
27416533321232,110769,11,0
27435612122222,148211,11,0
27453161123111,105809,11,0
27453161132111,107908,11,0
27456133132223,94441,11,0
27516341111111,232885,11,0
27534161111111,225705,11,0
27534161111123,147609,11,0
27534162311111,99425,11,0
27534612311132,311163,11,0
27536412332312,95088,11,0
27543611111123,119371,11,0
27543611111132,80848,11,0
27546312231122,241205,11,0
27613543333133,114232,11,0
27614353311332,157301,11,0
27615431312333,87084,11,0
27615432113321,180894,11,0
27615433313213,133097,11,0
27634511131133,102636,11,0
27634512233321,158253,11,0
27643513311233,167444,11,0
31246753312211,207265,11,0
31247651113232,107072,11,0
31247651323232,89820,11,0
31256471231222,72478,11,0
31257462222221,155619,11,0
31257462312311,105110,11,0
31257643311122,189924,11,0
31264572122213,139208,11,0
31264573132313,69989,11,0
31264573222223,86198,11,0
31264752132122,71014,11,0
31264752313121,272630,11,0
31265471111111,264607,11,0
31265471122112,82728,11,0
31265471122133,107036,11,0
31265471312213,146557,11,0
31265471313113,87374,11,0
31265471321111,77338,11,0
31265472233321,228940,11,0
31265472312233,122682,11,0
31265741233331,110943,11,0
31267542222233,171596,11,0
31267542313133,265862,11,0
31275461112233,162675,11,0
31275461322233,221183,11,0
31275462133211,103885,11,0
31275462223211,122123,11,0
31275462311213,90288,11,0
31275462312212,163259,11,0
31275463311122,247256,11,0
31276452133322,79885,11,0
31276452313313,127922,11,0
31452671323211,113443,11,0
31452671332232,116626,11,0
31452672322331,156268,11,0
31456722111221,90823,11,0
31462751111111,217822,11,0
31462751113322,166601,11,0
31475261322233,141857,11,0
31475262331313,154607,11,0
31475262333221,83807,11,0
31524673332122,99131,11,0
31527643332122,63362,11,0
31564272212111,164694,11,0
31564272213311,130832,11,0
31564273113311,88042,11,0
31572461122133,159812,11,0
31624751112233,116065,11,0
31624753312211,97295,11,0
31627452221333,127008,11,0
31654272313322,203641,11,0
31754621331122,159847,11,0
31765242322121,83291,11,0
32145671111111,321114,11,0
32145671123333,81988,11,0
32145671132222,103226,11,0
32145671221112,93205,11,0
32145671333333,126197,11,0
32145672113333,76048,11,0
32145672212222,107489,11,0
32145673112222,83030,11,0
32145673311113,84336,11,0
32146751232323,180534,11,0
32146752232223,147290,11,0
32147562313223,122549,11,0
32147562333233,277361,11,0
32147651123333,88789,11,0
32147651132222,67707,11,0
32147651213333,94169,11,0
32147651312222,81874,11,0
32147652113333,79026,11,0
32147652231332,97367,11,0
32147652233213,200696,11,0
32147652331322,121333,11,0
32147652332213,193218,11,0
32147653112222,83316,11,0
32156471111111,1063256,11,0
32156471113211,117881,11,0
32156471232332,107801,11,0
32156472312332,95213,11,0
32156472332132,95388,11,0
32156472332321,260410,11,0
32156472333332,252507,11,0
32156473223123,80154,11,0
32156741112323,221835,11,0
32156742311123,149743,11,0
32156742313223,89165,11,0
32156742333131,118495,11,0
32157641232323,85364,11,0
32157642231323,93709,11,0
32164571111111,307610,11,0
32164571111231,77497,11,0
32164571232323,111919,11,0
32164572232223,185680,11,0
32164572232313,140388,11,0
32164572233321,173721,11,0
32164572312323,120062,11,0
32164573323212,93001,11,0
32165741111111,272322,11,0
32165741111132,78630,11,0
32165741233223,80706,11,0
32165742211112,116721,11,0
32165742331112,200326,11,0
32165743311131,94760,11,0
32167451111111,246060,11,0
32167451213333,90728,11,0
32167451222222,95968,11,0
32167451312222,73220,11,0
32167451333111,121286,11,0
32167452211121,83549,11,0
32167453222313,83596,11,0
32167453313333,105760,11,0
32167453321232,104019,11,0
32174561112323,205609,11,0
32174561232113,263573,11,0
32174561232233,168322,11,0
32174562231212,189190,11,0
32174652312332,58642,11,0
32174652332132,70063,11,0
32175461111111,316392,11,0
32175461113112,77256,11,0
32175461221112,81366,11,0
32175461333111,115710,11,0
32175462233111,249092,11,0
32175462312323,150198,11,0
32416753121222,171698,11,0
32417562113321,318962,11,0
32417652132131,106855,11,0
32417653132121,98840,11,0
32451762331121,89524,11,0
32456173212332,46270,11,0
32456711233133,143343,11,0
32465172112121,116484,11,0
32465172132131,95507,11,0
32465172133121,124337,11,0
32465172332321,121815,11,0
32465173123121,95662,11,0
32465173132121,109289,11,0
32465173133111,97689,11,0
32465173233221,92863,11,0
32475161232323,176194,11,0
32475163331222,79430,11,0
32476513232231,80903,11,0
32517463131311,187943,11,0
32546713323212,81327,11,0
32547611121113,116182,11,0
32547611131112,123276,11,0
32547611213111,129146,11,0
32547611312111,143757,11,0
32547612111311,139177,11,0
32547613111211,111763,11,0
32561471113133,117967,11,0
32561471121311,186415,11,0
32561471122211,132143,11,0
32561471131211,111973,11,0
32561471211131,178301,11,0
32561471311121,153312,11,0
32561472133313,194433,11,0
32561472213122,88640,11,0
32561473222223,75253,11,0
32561473323212,105014,11,0
32567412122222,146366,11,0
32567412131312,260540,11,0
32567412222212,152902,11,0
32567413131212,122801,11,0
32567413133333,119688,11,0
32576142313223,127125,11,0
32615473332122,80871,11,0
32647152133121,110076,11,0
32647153132121,82721,11,0
32647512333233,144596,11,0
32657143121213,114641,11,0
32657412111212,88777,11,0
32671453123313,167163,11,0
32674152113333,128673,11,0
32714652332132,64247,11,0
32716452123212,227346,11,0
32741651121311,132471,11,0
32741651131211,111028,11,0
32741651211131,190863,11,0
32741651311121,114810,11,0
32741652111113,142831,11,0
32741653111112,172182,11,0
32745611223332,136518,11,0
32745612313322,231187,11,0
32745612322331,82766,11,0
32751643321232,86157,11,0
32754163211123,123674,11,0
32756141233121,91162,11,0
32761452121313,160121,11,0
32761452122222,204791,11,0
32761452222212,81912,11,0
32761453121312,279122,11,0
32761453133333,161941,11,0
32765411112221,95111,11,0
32765411121113,86287,11,0
32765411131112,109804,11,0
32765411133113,115984,11,0
32765411331113,94710,11,0
32765412221312,114380,11,0
32765412323222,117808,11,0
32765413122212,185483,11,0
32765413223312,57360,11,0
32765413231223,96479,11,0
32765413322312,61266,11,0
34125672131213,147117,11,0
34125672131312,228467,11,0
34125672221222,156348,11,0
34125673133333,90614,11,0
34127651121113,113505,11,0
34127651131112,213744,11,0
34127651213111,140049,11,0
34127651312111,97257,11,0
34127652111311,123194,11,0
34127653111211,96307,11,0
34162752132212,154000,11,0
34165271112212,117522,11,0
34165271121311,143866,11,0
34165271131211,285878,11,0
34165271211131,204904,11,0
34165271311121,107263,11,0
34165271311133,98081,11,0
34165272323333,182225,11,0
34165273133312,128158,11,0
34165273222322,86609,11,0
34165273311131,92315,11,0
34167252213323,185891,11,0
34172562132332,96023,11,0
34172562313331,99581,11,0
34175263321232,76838,11,0
34216572213122,185338,11,0
34261572132131,54566,11,0
34261572133121,67841,11,0
34261573123121,57890,11,0
34265712212132,155553,11,0
34275161312213,157292,11,0
34275162112322,126738,11,0
34275162213221,100486,11,0
34516271111111,242579,11,0
34516272312332,106851,11,0
34516722313223,189415,11,0
34517622231323,103295,11,0
34521672223232,105167,11,0
34526713232312,119919,11,0
34527612211322,275614,11,0
34527612231122,227195,11,0
34527612231332,117240,11,0
34527612331322,130779,11,0
34527613312133,110502,11,0
34561272122123,63821,11,0
34561272122321,87303,11,0
34561272212213,218052,11,0
34561272213122,127759,11,0
34561272232211,256577,11,0
34561273221233,72979,11,0
34561273233131,65600,11,0
34561273311233,165968,11,0
34561273313321,157417,11,0
34561273321133,130712,11,0
34561273321223,73409,11,0
34561721111111,304822,11,0
34562171321111,103750,11,0
34562171321231,103702,11,0
34562172232313,101436,11,0
34567212223232,134516,11,0
34617252111212,137755,11,0
34617252123212,235088,11,0
34617252132212,129739,11,0
34617522221333,104470,11,0
34621572132131,52233,11,0
34625172111212,133644,11,0
34627512232313,168501,11,0
34651271123111,145013,11,0
34651272332132,75845,11,0
34675212222122,201848,11,0
34715262221123,195119,11,0
34716522223211,289818,11,0
34721652121313,149361,11,0
34721652131213,174727,11,0
34721652221222,223733,11,0
34721652222212,205054,11,0
34721653333313,165324,11,0
34725611212211,116305,11,0
34725612111113,99038,11,0
34725612121322,241237,11,0
34725612231212,153021,11,0
34725612231332,104322,11,0
34725612322232,181278,11,0
34725612331322,113093,11,0
34725613111112,149676,11,0
34725613111133,119850,11,0
34725613132223,97130,11,0
34725613311113,88496,11,0
34761252323222,117241,11,0
35126741232212,113470,11,0
35126742231233,116042,11,0
35127462331331,75677,11,0
35162472122231,95972,11,0
35162472123233,119697,11,0
35162473122221,118657,11,0
35162473323131,90012,11,0
35162473332122,151896,11,0
35162473332131,164337,11,0
35162742213323,126734,11,0
35167242132212,177445,11,0
35172461232323,129759,11,0
35174262213131,139429,11,0
35174262231113,111182,11,0
35246171111111,213267,11,0
35246171113322,114398,11,0
35246172213311,174325,11,0
35267141223233,104589,11,0
35267141321132,239398,11,0
35271461322233,178762,11,0
35416721113112,76132,11,0
35416723232213,108195,11,0
35417622223133,218845,11,0
35426712131132,111796,11,0
35426712311312,105374,11,0
35426713111313,115323,11,0
35426713131113,83907,11,0
35426713312211,100297,11,0
35461271111231,119325,11,0
35461271321231,115598,11,0
35461272222323,136953,11,0
35462171131313,103064,11,0
35462171212121,120342,11,0
35462171221223,78586,11,0
35462171332331,150914,11,0
35462172213311,88640,11,0
35462172223331,128355,11,0
35462172312131,132308,11,0
35462173123211,100998,11,0
35462173131311,127439,11,0
35462173221221,90645,11,0
35462712322322,101574,11,0
35472163222313,74599,11,0
35472163231322,78755,11,0
35476122221111,127347,11,0
35614722321233,102332,11,0
35617423131332,160818,11,0
35624712121232,258470,11,0
35624712321212,262042,11,0
35624712321332,133171,11,0
35624712331232,85940,11,0
35714623111322,103433,11,0
35721642221213,214572,11,0
35762142222113,166322,11,0
36125471111333,116561,11,0
36125471212112,113154,11,0
36125471213111,137089,11,0
36125471222111,110574,11,0
36125471312111,101342,11,0
36125472111311,142809,11,0
36125472121223,80266,11,0
36125473111211,102492,11,0
36125473232222,133545,11,0
36125473323233,129148,11,0
36125743222331,101641,11,0
36127451333222,136354,11,0
36145272122222,162853,11,0
36145272131213,149742,11,0
36145272131312,143330,11,0
36145273333313,172869,11,0
36147251121311,100425,11,0
36147251131211,129086,11,0
36147251211131,134049,11,0
36147251311121,131884,11,0
36147252111113,142014,11,0
36147253111112,119907,11,0
36152741231312,113566,11,0
36152742131321,113497,11,0
36172452133133,149814,11,0
36217452131333,139025,11,0
36217541223311,134817,11,0
36217543213112,99476,11,0
36241573212332,101160,11,0
36241753212311,108974,11,0
36415272123212,152969,11,0
36417522123311,206343,11,0
36514272212111,198356,11,0
36521472113321,169351,11,0
36521472331121,73671,11,0
36527411131133,97288,11,0
36527412111113,111266,11,0
36527412131222,133422,11,0
36527412211322,114513,11,0
36527412221312,109460,11,0
36527412231122,97110,11,0
36527412322232,162544,11,0
36527413111112,155745,11,0
36527413311311,100703,11,0
36541272323222,111315,11,0
36542712121322,109456,11,0
36547212121313,128555,11,0
36547212122222,185936,11,0
36547212131312,196277,11,0
36547212221222,100782,11,0
36547213331333,109911,11,0
36712542121112,146928,11,0
36712542121121,113996,11,0
36712542121211,195562,11,0
36712542122111,118378,11,0
36714252232223,86352,11,0
36714521232113,238268,11,0
36714522121322,358249,11,0
36714522122213,167291,11,0
36714523132223,87997,11,0
36714523132322,99095,11,0
36721451131331,87879,11,0
36721452121322,138234,11,0
36721452122123,103484,11,0
36721452122213,204528,11,0
36721452122321,97581,11,0
36721452131111,140056,11,0
36721452223232,183676,11,0
36721453113113,101731,11,0
36721453121111,166951,11,0
36725411121212,176646,11,0
36725411131313,82091,11,0
36725411212121,66037,11,0
36725411313131,67719,11,0
36725412111212,111159,11,0
36725412121112,716304,11,0
36725412121211,73297,11,0
36725412121232,95348,11,0
36725412123212,190812,11,0
36725412321212,357919,11,0
36725413111313,94859,11,0
36725413131113,138236,11,0
36725413131311,77939,11,0
36741252122123,100507,11,0
36741252122321,158444,11,0
36741252122333,159352,11,0
36741252123323,155614,11,0
36741253233131,96465,11,0
36745211211221,92232,11,0
36745212121223,100059,11,0
36745212122312,119245,11,0
36745212122333,84169,11,0
36745212123323,85309,11,0
36745212131111,112646,11,0
36745212223232,291038,11,0
36745213121111,156249,11,0
36745213131131,94876,11,0
36745213133111,85022,11,0
36745213232213,82658,11,0
36751243222322,81028,11,0
36752142122132,141053,11,0
36752142123221,87009,11,0
36752143132232,140251,11,0
36752143133222,77525,11,0
36752143211132,131586,11,0
36754123232222,136906,11,0
37246511112233,109520,11,0
37256142321233,93065,11,0
37415622333221,109460,11,0
37426513132313,94094,11,0
37452162323312,83196,11,0
37516422333311,111457,11,0
37561241311112,89807,11,0
37612453122233,79576,11,0
37612542221111,134045,11,0
37614252221123,88733,11,0
37614521111111,243843,11,0
37614521323232,79660,11,0
37614522111221,91411,11,0
37614522113321,142834,11,0
37614522313322,172881,11,0
37614522323312,90815,11,0
37614523232213,120975,11,0
37615421113322,183982,11,0
37615422211133,314661,11,0
37615422223133,218105,11,0
37615422313121,152850,11,0
37615422313331,90707,11,0
37615423121132,84620,11,0
37624152311213,127525,11,0
37624511232233,122647,11,0
37624512121322,190997,11,0
37624512231212,269057,11,0
37624513131323,67390,11,0
37624513231313,171925,11,0
37641252222323,121752,11,0
37642152213311,290291,11,0
37642513122221,77377,11,0
37645122312221,68106,11,0
37651242211133,177634,11,0
37651422312311,126344,11,0
37652141113232,105355,11,0
37652143231322,88822,11,0
37654212311222,107855,11,0
41236753232321,105178,11,0
41237561313131,177131,11,0
41263751312222,195227,11,0
41325671212211,186663,11,0
41325762313223,97163,11,0
41325763131233,144426,11,0
41352671212112,97688,11,0
41352671212121,224224,11,0
41352671222111,83949,11,0
41357622313112,100795,11,0
41367253111133,170427,11,0
41532672313211,532810,11,0
41532761233133,108884,11,0
41563273113311,144164,11,0
41576322212222,107544,11,0
41625372313211,650047,11,0
41625373121213,142293,11,0
41625731222231,80744,11,0
41635721212121,236026,11,0
41657321222312,67448,11,0
41673252212222,93253,11,0
41673521111111,282333,11,0
41723562313211,185520,11,0
41725361232113,162898,11,0
41725361321213,127759,11,0
41725362221213,125937,11,0
41725362313211,115307,11,0
41725362313223,275151,11,0
41725363121222,210094,11,0
41725363121231,87713,11,0
41725631111111,195649,11,0
41725631211122,95910,11,0
41725632322331,87769,11,0
41725633111133,130373,11,0
41725633121123,210178,11,0
41725633211111,100686,11,0
41726352313322,131469,11,0
41726532312233,129748,11,0
41735261323313,83305,11,0
41735262312233,118481,11,0
41735263123223,123846,11,0
41735621233232,46911,11,0
41735622313322,140069,11,0
41736521233232,65191,11,0
41736522332231,91432,11,0
41752631222123,105570,11,0
41752632311123,187737,11,0
41752632312323,89632,11,0
41752632313211,470077,11,0
41756231321213,133689,11,0
41756233121231,108241,11,0
41762532221333,92776,11,0
41762533123331,143074,11,0
41765231233232,52172,11,0
41765322221312,103135,11,0
41765322313211,298331,11,0
41765323122212,143385,11,0
42136752131312,117986,11,0
42137561123333,104195,11,0
42137653122131,117996,11,0
42137653132121,86853,11,0
42157633231322,116910,11,0
42163751121212,99948,11,0
42165373223123,66727,11,0
42167532131333,150540,11,0
42315673112111,90360,11,0
42351671212211,85975,11,0
42351763231133,212073,11,0
42367153111121,84924,11,0
42367153211123,105064,11,0
42516372233111,140450,11,0
42561733323122,70866,11,0
42573612323231,94573,11,0
42573613322231,100254,11,0
42613572313211,141830,11,0
42615371313332,143511,11,0
42615372213311,243482,11,0
42615372221213,134293,11,0
42615372313211,119798,11,0
42651372213311,169956,11,0
42651733311122,196614,11,0
42673512232133,104116,11,0
42751632321233,111485,11,0
42751632323231,78170,11,0
43126572133313,86477,11,0
43167251232212,127989,11,0
43176252123131,127365,11,0
43176252311132,114471,11,0
43216573132121,102572,11,0
43216573132223,140978,11,0
43216573212311,88530,11,0
43216573212332,160580,11,0
43512671313332,98135,11,0
43527612312323,60514,11,0
43561271111111,271356,11,0
43571262122222,92944,11,0
43572161111111,244463,11,0
43572612312323,108751,11,0
43576211123222,108463,11,0
43576212112232,119095,11,0
43615271333312,59029,11,0
43615272113321,105755,11,0
43617521223221,95151,11,0
43621752213323,219938,11,0
43651722323132,117876,11,0
43675122222122,145215,11,0
43675211221331,66602,11,0
43721653231313,108158,11,0
43751623123313,178977,11,0
43765212222122,123004,11,0
45167323322231,77879,11,0
45176231131313,368212,11,0
45176231133113,194763,11,0
45176231331113,139948,11,0
45176233131113,341260,11,0
45176321131133,226084,11,0
45213672221123,97298,11,0
45273162222122,108019,11,0
45276131131133,172438,11,0
45312671222312,77525,11,0
45312672223331,190425,11,0
45312672233321,93860,11,0
45312672313211,407474,11,0
45312673132313,185371,11,0
45312673222112,78816,11,0
45312673231313,110958,11,0
45312761113211,157233,11,0
45312761133311,109864,11,0
45312762221111,104965,11,0
45312762311111,80134,11,0
45321671212211,111419,11,0
45321671221121,80288,11,0
45321673113311,177664,11,0
45327612222323,89213,11,0
45362712122222,119903,11,0
45367122223133,245424,11,0
45367211111132,184095,11,0
45367211211122,144015,11,0
45367213111133,146785,11,0
45376121131133,181040,11,0
45376121331311,95311,11,0
45376211333123,76639,11,0
45376213131323,123731,11,0
45376213333322,129529,11,0
45612371133221,109119,11,0
45612372331121,96175,11,0
45612373112231,121913,11,0
45612373132121,105783,11,0
45612373132223,117446,11,0
45612373322111,69736,11,0
45612373332122,93027,11,0
45612373332221,136985,11,0
45613271331221,61430,11,0
45613272233111,147573,11,0
45621373123331,93444,11,0
45621373211111,139204,11,0
45621732212123,151387,11,0
45621732233333,179033,11,0
45623712332123,115918,11,0
45623713322321,63502,11,0
45637123132121,110882,11,0
45637123332122,93593,11,0
45671231132231,82812,11,0
45671233112132,99833,11,0
45673212212132,95330,11,0
45673213211222,102826,11,0
45713623223132,115747,11,0
45721363321313,151813,11,0
45721363322231,94507,11,0
45732612233321,93691,11,0
45736121122211,194263,11,0
46123571111111,363909,11,0
46123573232123,181379,11,0
46125731333123,78718,11,0
46127351131313,164940,11,0
46127352131333,116976,11,0
46127353131323,178052,11,0
46135272133313,102427,11,0
46153273131131,109865,11,0
46157233333232,120975,11,0
46157321331233,110026,11,0
46215372121223,101897,11,0
46215372313211,319477,11,0
46257132211133,247511,11,0
46257313312211,279877,11,0
46273512122312,153699,11,0
46273513221212,108897,11,0
46275311123222,81301,11,0
46275312112232,123259,11,0
46275312132212,127206,11,0
46275312232133,114016,11,0
46275312313211,93325,11,0
46275313121222,147669,11,0
46275313312211,229976,11,0
46321752111131,71295,11,0
46352171211233,98560,11,0
46352172113231,140053,11,0
46372511221331,77001,11,0
46375211211332,75230,11,0
46375212113111,63353,11,0
46375212132131,95952,11,0
46375212132221,120285,11,0
46375212332222,201711,11,0
46375213112111,92796,11,0
46375213123121,109543,11,0
46375213333121,104544,11,0
46512371331221,76345,11,0
46512372113321,120782,11,0
46513272332111,76724,11,0
46513273113221,87758,11,0
46523711331332,76314,11,0
46527133111121,77957,11,0
46572311223122,87758,11,0
46572312132122,89661,11,0
46721533123313,158454,11,0
47123562232133,160256,11,0
47123651233232,57332,11,0
47126351233232,60844,11,0
47126532133133,175415,11,0
47132562311111,115387,11,0
47132563222331,138150,11,0
47132652233321,105564,11,0
47135622132332,105792,11,0
47136252133112,117784,11,0
47152361233232,50475,11,0
47152631322131,124217,11,0
47156231332313,121997,11,0
47156233211132,158601,11,0
47156233223312,93205,11,0
47156233233113,128608,11,0
47156233322312,77886,11,0
47156321111111,181018,11,0
47156321133311,132567,11,0
47156322132311,123482,11,0
47156322313232,60008,11,0
47156322332132,118684,11,0
47156322332312,90533,11,0
47156323223123,99880,11,0
47162351322122,72852,11,0
47163522131222,156466,11,0
47165321232113,314368,11,0
47165321322131,151074,11,0
47165322132212,233667,11,0
47165322133112,118164,11,0
47165322232133,99348,11,0
47165322313211,86277,11,0
47216352131333,105438,11,0
47251363131113,103743,11,0
47251632131312,92594,11,0
47256133212311,109134,11,0
47256133321232,103654,11,0
47265312122222,214032,11,0
47265312131312,138702,11,0
47265312313211,687076,11,0
47321651311133,139457,11,0
47352612123131,106293,11,0
47352612311132,113440,11,0
47352612313211,438091,11,0
47512632312323,114289,11,0
47621532232331,80362,11,0
47621533231121,113017,11,0
47632152233321,63553,11,0
47632153212311,127935,11,0
47632153232321,104317,11,0
47632513212332,105745,11,0
47652132231323,101146,11,0
47653213211231,160613,11,0
47653213232111,117888,11,0
51264731113322,73925,11,0
51264732213311,101000,11,0
51267342312233,326761,11,0
51324671211122,88901,11,0
51324672212111,148378,11,0
51324673113311,148122,11,0
51324761111123,125971,11,0
51324763113332,74832,11,0
51342672212111,126335,11,0
51342763312223,525485,11,0
51367241211113,69378,11,0
51423671221331,82761,11,0
51426731111111,184163,11,0
51426733312211,123948,11,0
51472361131313,111351,11,0
51472633331312,142558,11,0
51623471321111,67329,11,0
51623743313321,96487,11,0
51624731312123,196412,11,0
51624733323113,83012,11,0
51632741323232,90675,11,0
51642371122313,128916,11,0
51642731113322,262823,11,0
51647231113232,108011,11,0
51723643131311,118745,11,0
51724362122222,173298,11,0
51724363121213,218662,11,0
51726433123313,99652,11,0
51732643121213,123927,11,0
51742632323231,159853,11,0
51742632323333,122448,11,0
52134761232113,121528,11,0
52147631121311,104242,11,0
52147631131211,118796,11,0
52147631211131,112347,11,0
52147631311121,117543,11,0
52147632111113,144717,11,0
52147633111112,157790,11,0
52163471112122,128906,11,0
52163471213111,97338,11,0
52163471312111,143173,11,0
52163471333123,60374,11,0
52163472111311,100138,11,0
52163472131222,84041,11,0
52163473111211,142389,11,0
52163473111331,85401,11,0
52163473221323,86172,11,0
52163473323332,110168,11,0
52167342121232,131312,11,0
52167432121313,111380,11,0
52167432122222,250706,11,0
52167432131213,124182,11,0
52167433133333,257009,11,0
52167433331333,244841,11,0
52174633223123,74129,11,0
52314673311311,303452,11,0
52314761322122,82619,11,0
52341671111111,413521,11,0
52341671122211,143965,11,0
52341671311313,100956,11,0
52341672211112,157727,11,0
52341672232313,127886,11,0
52341672323222,136970,11,0
52341672323312,121174,11,0
52341673133111,121963,11,0
52341673232213,69920,11,0
52341673232333,104625,11,0
52341673323212,165885,11,0
52361472121313,109613,11,0
52361472131312,200145,11,0
52367142211121,192908,11,0
52367412322232,187038,11,0
52374161112323,155380,11,0
52376413222223,63228,11,0
52463173212332,83299,11,0
52463713212332,77934,11,0
52471631223113,85328,11,0
52471631323112,137128,11,0
52614372313211,348788,11,0
52641733212311,115598,11,0
52641733232321,105720,11,0
52673413232123,94056,11,0
52713461232323,111309,11,0
52714361232113,196857,11,0
52714633213223,65711,11,0
52714633223123,75421,11,0
52731641233112,80605,11,0
52731641323112,90827,11,0
52736141322233,98341,11,0
52741362313211,170602,11,0
52741362313223,87376,11,0
52741632122333,229817,11,0
52741632123323,205863,11,0
52741632212213,121988,11,0
52741632212231,95900,11,0
52741632232211,95819,11,0
52741633221233,83345,11,0
52741633313312,69851,11,0
52741633313321,167680,11,0
52741633321223,133922,11,0
52741633323311,75441,11,0
52743611111213,109618,11,0
52743611111312,157060,11,0
52743611112131,115619,11,0
52743611113121,107161,11,0
52743612131111,108576,11,0
52743613121111,124283,11,0
52761431111213,115514,11,0
52761431111312,122925,11,0
52761431112131,126080,11,0
52761431113121,111918,11,0
52761432131111,108037,11,0
52761433121111,128258,11,0
52763143222331,90189,11,0
52763411222312,113355,11,0
52763411333123,55550,11,0
52763413222112,103242,11,0
52763413223312,115952,11,0
52763413322312,117546,11,0
53126471231231,152343,11,0
53126471231321,161666,11,0
53126471321321,95158,11,0
53146272123233,137607,11,0
53147262123131,128415,11,0
53162743312223,292145,11,0
53274163211222,152475,11,0
53421671321111,149837,11,0
53421671321231,95359,11,0
53426171112233,100610,11,0
53462711113322,106364,11,0
53467211321111,74413,11,0
53476121323112,105082,11,0
53476121323322,100928,11,0
53614721212121,212471,11,0
53621471331221,99762,11,0
53642171111111,179362,11,0
53672142221213,155303,11,0
53714622233111,204551,11,0
53721463223312,71645,11,0
53724612121112,147801,11,0
53726143333121,100053,11,0
53741621323112,157848,11,0
53741621332112,98951,11,0
53742612323333,102130,11,0
53761242121211,133685,11,0
53761242221213,123307,11,0
53761242321212,191855,11,0
53762143222331,51131,11,0
53762413322123,104143,11,0
54123673233323,131328,11,0
54126371331221,90937,11,0
54127632131213,272942,11,0
54127632222212,143866,11,0
54127633131212,251837,11,0
54127633133333,174913,11,0
54127633333313,228296,11,0
54163271133221,142001,11,0
54163272233111,267001,11,0
54167231121113,114115,11,0
54167231131112,164090,11,0
54167231221211,88542,11,0
54167231333213,102831,11,0
54167232112112,76678,11,0
54167232133313,229425,11,0
54167232333113,94976,11,0
54167233232333,168036,11,0
54167233331213,153127,11,0
54172633132313,144060,11,0
54217362233213,156557,11,0
54217632132212,141815,11,0
54231671123111,188944,11,0
54231673123121,44776,11,0
54261373123121,45112,11,0
54261732231233,100550,11,0
54276132233312,97340,11,0
54312671131331,84894,11,0
54312672212111,77184,11,0
54312673311311,129052,11,0
54317261113112,88751,11,0
54317621111222,105053,11,0
54321672212213,157743,11,0
54321672212231,132573,11,0
54321672232211,161651,11,0
54321673313312,146225,11,0
54321673313321,343644,11,0
54321673323311,126083,11,0
54321761211221,79613,11,0
54321763113113,98560,11,0
54326171111231,175483,11,0
54326171112233,54070,11,0
54326171321231,101840,11,0
54326711112212,102085,11,0
54327612223232,104965,11,0
54361272223232,109730,11,0
54362171113133,85701,11,0
54362711111231,81989,11,0
54362711323112,109832,11,0
54367121112212,127790,11,0
54367121113211,62404,11,0
54367121113331,154771,11,0
54367122211121,99780,11,0
54367122311111,136578,11,0
54367123311113,110267,11,0
54367211132222,115812,11,0
54367211213333,83667,11,0
54367211222132,70525,11,0
54367211333213,79322,11,0
54367212211322,175112,11,0
54367212231122,163035,11,0
54367212233213,109467,11,0
54367212332213,106843,11,0
54367212333113,84019,11,0
54367213112222,116054,11,0
54367213312133,233438,11,0
54371261113331,100377,11,0
54371621113112,135912,11,0
54371621113322,51596,11,0
54376121322233,197228,11,0
54376211111132,92605,11,0
54376211111222,86638,11,0
54376211113133,141596,11,0
54612371112311,265188,11,0
54612372222131,78521,11,0
54612732112223,143788,11,0
54612733322213,97175,11,0
54621371133311,161123,11,0
54621372211121,163230,11,0
54637211132111,100879,11,0
54671232221213,159459,11,0
54712361323313,80024,11,0
54712362223322,215875,11,0
54716232222113,148565,11,0
54716321112323,163091,11,0
54716322313223,100737,11,0
54721631111111,494387,11,0
54721631122121,133391,11,0
54721631311133,130746,11,0
54721632133232,94037,11,0
54721632212222,139153,11,0
54721632212231,83464,11,0
54721633231322,108162,11,0
54721633313321,71969,11,0
54721633333331,93122,11,0
54723612131312,266177,11,0
54723612221222,233656,11,0
54723612222212,262453,11,0
54723613121312,171008,11,0
54723613333313,134860,11,0
54761233322321,77941,11,0
54763212322232,218777,11,0
56123471222312,79813,11,0
56123471223221,73478,11,0
56123471331332,140052,11,0
56123471333123,77586,11,0
56123472322121,139321,11,0
56123472331331,122149,11,0
56123473133132,104417,11,0
56123473133231,81553,11,0
56123473222112,81402,11,0
56123473223312,89847,11,0
56123473322312,79540,11,0
56124371111231,73024,11,0
56124371232323,122152,11,0
56127433332323,148405,11,0
56132472333332,126461,11,0
56132473211111,110212,11,0
56132473213211,67371,11,0
56143273332323,147460,11,0
56147231222132,129239,11,0
56147231333213,95831,11,0
56147232233213,254200,11,0
56147232332213,224408,11,0
56147232333113,126410,11,0
56147322333233,152004,11,0
56173421113112,71624,11,0
56174232323333,95438,11,0
56174321232113,363179,11,0
56213471111111,352074,11,0
56213743313333,112602,11,0
56243173133111,92794,11,0
56243713121333,108565,11,0
56247132333233,115899,11,0
56271433111313,203885,11,0
56271433123313,126563,11,0
56271433132313,139565,11,0
56274132331133,84175,11,0
56274312313211,411849,11,0
56321473233323,116565,11,0
56321742211112,188084,11,0
56324171221331,118606,11,0
56327411211332,69643,11,0
56327413213112,88026,11,0
56341273121213,129103,11,0
56341273131212,119035,11,0
56347122333233,120324,11,0
56347211213111,99819,11,0
56347211222132,104087,11,0
56347211312111,208620,11,0
56347211331131,91873,11,0
56347212111221,123550,11,0
56347212111311,237866,11,0
56347212123233,142145,11,0
56347212232223,84184,11,0
56347213111211,115760,11,0
56347213131332,118240,11,0
56423171231231,105973,11,0
56423171231321,101746,11,0
56423171321321,118206,11,0
56423172112121,154613,11,0
56423173132121,110442,11,0
56423173133111,99025,11,0
56432713122122,115832,11,0
56712341232113,123362,11,0
56712343211123,125878,11,0
56721343123331,97403,11,0
56721432312233,192753,11,0
56723411113313,97946,11,0
56723411121113,93985,11,0
56723411131112,100683,11,0
56723411222312,65740,11,0
56723412122312,134777,11,0
56723412323222,105176,11,0
56723413221212,244631,11,0
56723413222112,61403,11,0
56723413331111,84968,11,0
56732143122113,119625,11,0
56741231121311,102692,11,0
56741231131211,104719,11,0
56741231211131,147060,11,0
56741231311121,154518,11,0
56741232111113,212054,11,0
56741233111112,127691,11,0
56743212122222,230345,11,0
56743212221222,184226,11,0
56743213121213,173444,11,0
56743213121312,102268,11,0
56743213331333,142810,11,0
57123461111111,368591,11,0
57164322131312,146251,11,0
57214361323232,70559,11,0
57214632212213,261217,11,0
57236141113232,105729,11,0
57236141322233,53222,11,0
57236141323232,163004,11,0
57241631322113,79265,11,0
57241631323112,91936,11,0
57246131112233,196039,11,0
57264132111323,121835,11,0
57321641311112,65903,11,0
57321642311132,128327,11,0
57364212213311,256057,11,0
57364212313211,148529,11,0
57364213332122,67850,11,0
57642311113322,118833,11,0
61234572231323,125972,11,0
61234573232213,85529,11,0
61235741313131,301252,11,0
61257343232123,79161,11,0
61274351313131,219285,11,0
61274532231323,100075,11,0
61352472233321,97887,11,0
61352472313211,429266,11,0
61452731311313,95691,11,0
61453721111111,194877,11,0
61453721311112,83988,11,0
61453723111121,108020,11,0
61472532123332,94427,11,0
61472533112111,102280,11,0
61527431111111,239777,11,0
61534272311132,172463,11,0
61534721112311,87034,11,0
61534721113211,92328,11,0
61543271111111,246163,11,0
61543271112311,107484,11,0
61572432312323,151927,11,0
61734523222331,121062,11,0
62134572321323,85929,11,0
62135471122121,206330,11,0
62135472132131,98023,11,0
62135473122131,100685,11,0
62135473123121,124057,11,0
62135473131131,128666,11,0
62135473132121,126922,11,0
62135473232231,84342,11,0
62135473322321,92283,11,0
62135743222331,51798,11,0
62135743312223,209150,11,0
62147353123121,91284,11,0
62147353132121,110323,11,0
62154733321121,78800,11,0
62157342132212,97821,11,0
62173543232132,97349,11,0
62174351122133,255087,11,0
62174533311212,115870,11,0
62317453112111,87301,11,0
62317453312211,87020,11,0
62351743112123,243385,11,0
62371453311311,89759,11,0
62374511322311,85948,11,0
62374513112321,138514,11,0
62374513312112,84281,11,0
62435172211133,120064,11,0
62435172311132,192422,11,0
62435711222222,158125,11,0
62453713311122,154385,11,0
62471532232133,126552,11,0
62475131322323,74947,11,0
62531472321233,111086,11,0
62543711211113,110042,11,0
62543711311112,117324,11,0
62571432321233,126126,11,0
62735143223213,130630,11,0
63125741112323,207276,11,0
63125743131233,107177,11,0
63125743133312,151327,11,0
63142571111111,206062,11,0
63142571132321,267010,11,0
63142573112123,169237,11,0
63172452312323,79896,11,0
63172452313211,310501,11,0
63174522332132,57863,11,0
63247511123132,175321,11,0
63251743133231,101182,11,0
63452711311313,81027,11,0
63452712333221,79290,11,0
63471522123131,109084,11,0
63471522323132,131836,11,0
63471522332132,74999,11,0
63472512123332,111844,11,0
63512743313333,119932,11,0
63541271212211,146293,11,0
63542713121333,132860,11,0
63574212123131,108358,11,0
63574212313211,358013,11,0
63712542221111,192571,11,0
63714252123131,167517,11,0
63714521112323,124365,11,0
63714522332132,59230,11,0
63721541233322,80968,11,0
63724153121213,179734,11,0
63725141112323,123356,11,0
63725141233121,93567,11,0
63725142123131,185488,11,0
63725142223133,126809,11,0
63725143122113,98147,11,0
63725143123313,272230,11,0
63741252222323,164992,11,0
63741522123131,176301,11,0
63742511232221,88631,11,0
63745123122212,142716,11,0
63751242221321,125482,11,0
63751423122311,112913,11,0
63752141111111,196825,11,0
63752141122211,144639,11,0
63752141123213,188200,11,0
63752142332132,96445,11,0
63752143123223,87395,11,0
63752143212323,59695,11,0
63752143223123,133736,11,0
63752411223212,91978,11,0
63752411333213,160881,11,0
63752412312323,184308,11,0
63752412322112,102636,11,0
63752412333113,139013,11,0
63754213122122,91315,11,0
64125371131313,193272,11,0
64157321133212,179003,11,0
64231572311132,102006,11,0
64257131113223,90615,11,0
64271533221212,161935,11,0
64275131212223,112935,11,0
64275131312123,140310,11,0
64275132211133,216814,11,0
64275132232133,225313,11,0
64275133231112,121813,11,0
64275133312211,138293,11,0
64275311112332,93138,11,0
64275311222222,168280,11,0
64275313312211,145824,11,0
64321572111131,120011,11,0
64321572132131,73528,11,0
64321572311132,230594,11,0
64325713121222,195197,11,0
64351272132131,52487,11,0
64357212313211,309954,11,0
64357213231322,223347,11,0
64357213312211,146557,11,0
64531271212211,224820,11,0
64531272132131,59392,11,0
64531273122131,66536,11,0
64531273123121,66343,11,0
64531273311311,125777,11,0
64531273312211,127290,11,0
64572131122223,104739,11,0
64713253112111,65873,11,0
65123471112311,111211,11,0
65123471233232,67088,11,0
65123472312311,86880,11,0
65132471212112,77914,11,0
65132471222111,64863,11,0
65132471231321,225665,11,0
65132471323121,100422,11,0
65132472131231,69579,11,0
65132472212231,124106,11,0
65132472233321,288456,11,0
65132473111331,83731,11,0
65132473313312,69817,11,0
65132473323311,72080,11,0
65132741223323,82263,11,0
65132743222331,74024,11,0
65134721233232,68932,11,0
65147321232113,284613,11,0
65172431132333,317604,11,0
65174232123131,165697,11,0
65174232133313,154249,11,0
65174232323312,80953,11,0
65174233323212,162652,11,0
65174233331213,275484,11,0
65174322313211,89101,11,0
65174323223123,75819,11,0
65213741111111,362570,11,0
65241371111111,248820,11,0
65243712121322,92238,11,0
65271341332331,72782,11,0
65271432231233,89240,11,0
65274131111111,281180,11,0
65274131311313,76658,11,0
65274131312213,104277,11,0
65274132123332,117331,11,0
65274133132223,83777,11,0
65274133232321,66102,11,0
65274133312223,193710,11,0
65314272311132,112861,11,0
65314272313211,408141,11,0
65321472111122,113055,11,0
65417321232113,106971,11,0
65417323223123,71712,11,0
65417323232123,88052,11,0
65423713321322,162087,11,0
65432173232321,107262,11,0
65471231132213,183425,11,0
65714323223123,76808,11,0
65723143321313,138751,11,0
65732411333123,83730,11,0
65742311212313,105326,11,0
67132541133311,158740,11,0
67145323133312,169389,11,0
67154233323332,93106,11,0
67215343333133,144688,11,0
67231541323112,444263,11,0
67231543323122,177193,11,0
67234513332122,57857,11,0
67245131313323,71176,11,0
67245311112311,212956,11,0
67245311133233,90624,11,0
67254311131133,130023,11,0
67254313311113,93637,11,0
67312452233321,163650,11,0
67312541121221,83066,11,0
67312542221111,99166,11,0
67321451111123,207017,11,0
67321451112311,80716,11,0
67321451212211,196197,11,0
67321451311133,99212,11,0
67321452111122,93683,11,0
67321453113311,105917,11,0
67321542232133,261431,11,0
67341252222323,77514,11,0
67342512222113,79984,11,0
67345122223133,231297,11,0
67345122232133,238210,11,0
67345211111123,114946,11,0
67345211111132,122867,11,0
67345211112233,112866,11,0
67345211113322,158810,11,0
67345211211122,174813,11,0
67345211311133,138463,11,0
67345212111122,98369,11,0
67345213111133,139803,11,0
67354121111111,289229,11,0
67354211212121,79685,11,0
67354211313113,95425,11,0
67354211333111,112554,11,0
67354212111221,81674,11,0
67354212212222,186834,11,0
67354212311132,218717,11,0
67354213111313,75788,11,0
67354213131311,84731,11,0
67354213211132,167149,11,0
67354213313333,166304,11,0
67412353132121,108594,11,0
67412353332221,82424,11,0
67412531131133,120456,11,0
67435121332112,76438,11,0
67435123123121,68305,11,0
67452313321232,184913,11,0
71234563231322,187112,11,0
71263541333222,177569,11,0
71263542323123,210930,11,0
71264533131323,137894,11,0
71264533221323,80509,11,0
71264533231223,112921,11,0
71264533231313,227526,11,0
71326451211311,86637,11,0
71326453132121,84381,11,0
71326543333313,100909,11,0
71345262132131,90923,11,0
71362453113311,125313,11,0
71365423331312,112588,11,0
71423563213232,48909,11,0
71423653213232,60835,11,0
71426353312211,100039,11,0
71426533333223,126067,11,0
71432561232323,101284,11,0
71432561323232,66049,11,0
71432562111221,103327,11,0
71432563232213,100110,11,0
71432563323113,108357,11,0
71432563323122,171375,11,0
71432563332113,114803,11,0
71435261322233,186174,11,0
71435262222122,105727,11,0
71435263211123,173022,11,0
71435263311122,137366,11,0
71435263333133,227251,11,0
71435263333223,114052,11,0
71435623333331,136336,11,0
71436253333112,93722,11,0
71452363213232,53517,11,0
71452632222131,98355,11,0
71453262222221,109362,11,0
71453623311122,158970,11,0
71456321322323,103536,11,0
71456322111221,103104,11,0
71462531113322,104606,11,0
71462532111212,104941,11,0
71462532121112,105854,11,0
71462533111223,126221,11,0
71462533221113,122558,11,0
71463523331222,145642,11,0
71523463131311,215759,11,0
71523463231313,200715,11,0
71523463331312,153816,11,0
71532463221332,72784,11,0
71534262122222,128156,11,0
71542633132322,83614,11,0
71543622111131,95506,11,0
71543623111121,115869,11,0
71546233331213,114798,11,0
71546322231212,92358,11,0
71562433123232,73513,11,0
71563243221221,71223,11,0
71625433213133,161534,11,0
71643252231212,110657,11,0
71643523331213,118506,11,0
72134562312212,110611,11,0
72136541322233,93699,11,0
72143563222331,85165,11,0
72143651121113,127195,11,0
72143651131112,188579,11,0
72143651213111,96560,11,0
72143651312111,123168,11,0
72143652111311,95203,11,0
72143653111211,136415,11,0
72145631233223,69898,11,0
72145633232231,89075,11,0
72145633312223,260264,11,0
72146352232223,96743,11,0
72163452122222,151979,11,0
72163453121213,224738,11,0
72163453131212,153874,11,0
72163453133333,140141,11,0
72163453331333,214654,11,0
72164353131113,172600,11,0
72165431113331,99914,11,0
72165432111113,109116,11,0
72165432111122,129624,11,0
72165432211112,106444,11,0
72165432323312,91732,11,0
72165433111112,150272,11,0
72165433121333,122576,11,0
72165433221233,104211,11,0
72165433233323,242504,11,0
72165433321223,90519,11,0
72165433331213,184315,11,0
72345611111111,366117,11,0
72345611133113,78640,11,0
72345611221223,66551,11,0
72345611222222,87369,11,0
72345611331332,77358,11,0
72345612122111,90672,11,0
72345612331331,66626,11,0
72345613221221,58124,11,0
72345613333331,96404,11,0
72356141112323,242600,11,0
72356141232113,99124,11,0
72356143211123,108863,11,0
72361453232333,105560,11,0
72361542333233,157687,11,0
72365412222212,110497,11,0
72365413121312,188359,11,0
72365413131212,179232,11,0
72365413331333,140637,11,0
72435163333313,160515,11,0
72513641232323,81516,11,0
72513641233322,109991,11,0
72516342313223,94962,11,0
72531463321232,185953,11,0
72534163211123,175172,11,0
72541631111213,132390,11,0
72541631111312,124623,11,0
72541631112131,118975,11,0
72541631113121,148954,11,0
72541632131111,112150,11,0
72541633121111,131314,11,0
72543162311111,77903,11,0
72543163211111,94032,11,0
72543611221223,73529,11,0
72543611223221,67311,11,0
72543611331332,88476,11,0
72543611332331,79588,11,0
72543612331331,63773,11,0
72543613132232,134718,11,0
72543613133222,123097,11,0
72543613221221,84017,11,0
72543613223312,94547,11,0
72543613322312,97345,11,0
72546311323112,125987,11,0
72546313323212,220628,11,0
72561342313223,78302,11,0
72561432213122,210205,11,0
72561433221233,83311,11,0
72561433311233,295223,11,0
72561433321133,185532,11,0
72561433321223,109234,11,0
72563411111213,110631,11,0
72563411111312,144240,11,0
72563411112131,165621,11,0
72563411113121,114038,11,0
72563412131111,82933,11,0
72563413121111,112260,11,0
72643513212311,400929,11,0
72643513212332,72538,11,0
73125463133132,91082,11,0
73146522113231,90785,11,0
73246153312211,114190,11,0
73456123231322,144916,11,0
73516243323113,61328,11,0
73516243332131,94125,11,0
73541262321212,184706,11,0
73542163321133,98767,11,0
73542613132121,89019,11,0
73542613132322,103306,11,0
73564213321322,119479,11,0
73614251112323,227715,11,0
73615241112323,120514,11,0
73615241113322,185592,11,0
73615242223133,130194,11,0
73615243123313,209182,11,0
73615243213313,100052,11,0
73615243331312,121176,11,0
73615243332311,98429,11,0
73615421113322,120761,11,0
73615423213211,95458,11,0
73615423333331,129810,11,0
73624513121132,364186,11,0
73624513332131,95605,11,0
73625141112323,222997,11,0
73625143121213,208890,11,0
73625143333313,161324,11,0
73625412222323,85325,11,0
73642511111111,328196,11,0
73642511113232,226866,11,0
73642511113322,275074,11,0
73642513223222,98064,11,0
73645121113211,131084,11,0
73645122222311,75228,11,0
73645211223113,80878,11,0
73645211231111,143273,11,0
73645211321111,75245,11,0
73645211332112,122722,11,0
73645213112231,123525,11,0
73645213333112,175626,11,0
73651241113322,109563,11,0
73652413211312,115782,11,0
73652413331321,109362,11,0
73654122111122,127758,11,0
73654122221111,106738,11,0
73654211111132,129166,11,0
74123563323221,125084,11,0
74123652322121,65008,11,0
74123653132232,101274,11,0
74123653133132,96188,11,0
74123653133222,88104,11,0
74123653133231,67128,11,0
74125631313311,80161,11,0
74125632121121,166663,11,0
74125632122111,88323,11,0
74125632131111,102224,11,0
74125632321332,81204,11,0
74125633121111,130883,11,0
74125633131233,237144,11,0
74125633132232,56755,11,0
74125633133222,62358,11,0
74125633133312,165219,11,0
74125633332323,115319,11,0
74126352333122,151924,11,0
74132561321231,169057,11,0
74132562121121,157117,11,0
74132562122111,98470,11,0
74132563131221,119713,11,0
74132563132112,100252,11,0
74136522322121,65638,11,0
74152363132232,70347,11,0
74152363133132,59099,11,0
74152363133222,79790,11,0
74152363133231,63254,11,0
74156322122123,119662,11,0
74156322122321,81390,11,0
74156322313223,118116,11,0
74156323132331,89199,11,0
74156323133123,72786,11,0
74163251121122,103073,11,0
74163252112211,83851,11,0
74163252131111,123597,11,0
74163253121111,113821,11,0
74163253131332,187252,11,0
74163253133132,64361,11,0
74163253133213,116993,11,0
74163253133231,56545,11,0
74163253332323,116650,11,0
74165231121212,84790,11,0
74165231131313,94227,11,0
74165231212121,61255,11,0
74165231313131,61201,11,0
74165232111212,64319,11,0
74165232121112,229349,11,0
74165232121211,63314,11,0
74165233111313,68287,11,0
74165233131113,341110,11,0
74165233131311,183705,11,0
74165233131323,184293,11,0
74165233132313,742318,11,0
74165233231313,117558,11,0
74213652323132,78964,11,0
74251633111313,183451,11,0
74256311321222,127279,11,0
74256313111232,199380,11,0
74265312333233,80686,11,0
74312652333332,76202,11,0
74321563311131,103980,11,0
74321653233323,147752,11,0
74325163131323,198110,11,0
74325612221222,106217,11,0
74325613121312,228549,11,0
74325613131212,225353,11,0
74325613133333,118836,11,0
74361253112132,102299,11,0
74361253211231,69645,11,0
74365211121221,97747,11,0
74365211213111,186880,11,0
74365211312111,97843,11,0
74365211313113,59769,11,0
74365211333111,75149,11,0
74365212111311,98845,11,0
74365212222323,107063,11,0
74365212333332,122247,11,0
74365213111211,222810,11,0
74365213121333,120507,11,0
74512361322233,134929,11,0
74512362313223,111610,11,0
74513263121222,131329,11,0
74521632222212,157386,11,0
74521633121213,216798,11,0
74521633121312,123248,11,0
74521633133333,114795,11,0
74521633333313,228006,11,0
74523611121113,102821,11,0
74523611131112,141070,11,0
74523611213111,133300,11,0
74523611312111,111753,11,0
74523612111311,138202,11,0
74523613111211,135100,11,0
74532163123223,91135,11,0
74561231111222,117432,11,0
74561232111113,144984,11,0
74561232221111,121361,11,0
74561233111112,167587,11,0
74561233131233,99322,11,0
74561233233323,190720,11,0
74561233311233,67359,11,0
74561233321133,85133,11,0
74561233321313,164688,11,0
74563211232332,147064,11,0
74653213133222,70595,11,0
75132463233233,115439,11,0
75143263231313,103203,11,0
75146321323331,110672,11,0
75213642223133,110471,11,0
75231463211123,150215,11,0
75234161322233,101456,11,0
75234162221111,110849,11,0
75236143213232,118988,11,0
75241632222323,105026,11,0
75243162211322,232837,11,0
75243611113232,166502,11,0
75243613213232,95219,11,0
75246131333312,77496,11,0
75246311111111,611441,11,0
75246313212311,123590,11,0
75246313312211,271928,11,0
75246313332332,85470,11,0
75261432123233,172717,11,0
75264132121232,110903,11,0
75264132223331,109695,11,0
75264132321212,78823,11,0
75264133121333,254342,11,0
75264133331213,143436,11,0
75264311223122,84825,11,0
75264313231112,175294,11,0
75312463333133,142201,11,0
75314621133221,150718,11,0
75314621313212,194961,11,0
75314623113122,120685,11,0
75316241231231,82571,11,0
75321461311112,83346,11,0
75321463132121,192575,11,0
75346122133133,83326,11,0
75346211133122,236485,11,0
75346211211311,94537,11,0
75346211311211,120180,11,0
75346212323333,112374,11,0
75346213112132,112223,11,0
75346213132121,219598,11,0
75346213132322,198480,11,0
75346213332122,97685,11,0
75412631223332,85876,11,0
75416323232213,176128,11,0
75431263133213,159182,11,0
75462132123212,167263,11,0
75613243131332,127658,11,0
75613243133213,107147,11,0
75634123323122,66910,11,0
75641323232111,133035,11,0
75642132213311,72572,11,0
76123453233323,147575,11,0
76125343333133,99331,11,0
76143252131312,154425,11,0
76143252221222,97865,11,0
76143253131212,108756,11,0
76143253331333,125222,11,0
76143253333313,278582,11,0
76145231121113,109672,11,0
76145231122112,119086,11,0
76145231131112,156838,11,0
76145231221112,249572,11,0
76145231311331,76371,11,0
76145232123332,98448,11,0
76145232233213,114200,11,0
76145232331313,126451,11,0
76145232332213,114753,11,0
76145233133213,105796,11,0
76145233232333,148928,11,0
76154323333112,99934,11,0
76213543213133,159412,11,0
76213543311332,93423,11,0
76215341231231,59921,11,0
76215433333133,129366,11,0
76231451123111,112570,11,0
76245311121131,99067,11,0
76245311131121,68739,11,0
76245311213312,110325,11,0
76245312132131,100566,11,0
76245313122122,124180,11,0
76245313123121,96370,11,0
76253141123132,127968,11,0
76253141211332,103760,11,0
76253413322312,92147,11,0
76254133311323,173602,11,0
76254313211111,238835,11,0
76312452212111,137978,11,0
76312453211111,80960,11,0
76312453311311,96151,11,0
76312542321212,71577,11,0
76312542322121,74001,11,0
76312543322222,122098,11,0
76315241112113,74918,11,0
76315241113112,68437,11,0
76315241223113,136180,11,0
76315241322122,88362,11,0
76315241323313,110675,11,0
76315241332112,99125,11,0
76315243211231,91553,11,0
76315243323323,125163,11,0
76321452122123,84036,11,0
76321452122321,108427,11,0
76321452122333,95188,11,0
76321452123323,130081,11,0
76321452212231,73437,11,0
76321452213122,108276,11,0
76321453233131,82993,11,0
76321453311233,162099,11,0
76321453313312,120562,11,0
76321453321133,108151,11,0
76321453323311,101054,11,0
76321542211112,122450,11,0
76321543211111,216962,11,0
76321543311131,98398,11,0
76324151112233,100553,11,0
76324151112323,129722,11,0
76324153323122,72154,11,0
76325411111213,118109,11,0
76325411111312,300937,11,0
76325411112131,121851,11,0
76325411113121,112325,11,0
76325411122121,101614,11,0
76325411331311,101266,11,0
76325412112121,106904,11,0
76325412231212,188612,11,0
76325412333233,145544,11,0
76325413222223,131883,11,0
76341251111213,186236,11,0
76341251111312,142002,11,0
76341251112131,152797,11,0
76341251113121,138668,11,0
76341251221121,105660,11,0
76341251311313,121085,11,0
76341252232313,127046,11,0
76341252323333,71817,11,0
76341253221212,136028,11,0
76341253233131,97845,11,0
76342511111231,74130,11,0
76342511111321,135410,11,0
76342511323112,120003,11,0
76342512232223,117099,11,0
76342513213112,121189,11,0
76342513322111,147453,11,0
76342513323122,114013,11,0
76342513323212,140288,11,0
76345122211112,162610,11,0
76345122211121,114218,11,0
76345122213311,91320,11,0
76345122311111,115533,11,0
76345123211111,108398,11,0
76345123311113,103785,11,0
76345123311131,115167,11,0
76345123312211,141141,11,0
76351421112323,184344,11,0
76351421113322,65786,11,0
76351423321232,129882,11,0
76354121121212,86257,11,0
76354121122121,91114,11,0
76354121311313,104202,11,0
76354121313131,105624,11,0
76354122111212,73323,11,0
76354122112121,87148,11,0
76354122212222,169771,11,0
76354123211123,193078,11,0
76354123211132,113480,11,0
76354123313333,276058,11,0
76354212213323,96867,11,0
76354212312233,116295,11,0
76354212313322,261311,11,0
76354212333332,122430,11,0
76354213222223,121552,11,0
76354213312223,123561,11,0
76421351131121,78879,11,0
76512343213313,152227,11,0
76512343332311,127178,11,0
76514321112323,251397,11,0
76514321232113,113328,11,0
76521433232333,88683,11,0
76523413223231,93344,11,0
76524313331222,163843,11,0
76541232131213,158609,11,0
76541232221222,104987,11,0
76541233121213,201094,11,0
76541233331333,112697,11,0
76541233333313,112268,11,0
76543211111111,542436,11,0
76543211212112,138924,11,0
76543211223221,76803,11,0
76543211332331,67451,11,0
76543211333333,74993,11,0
76543212132323,104046,11,0
76543212222221,85234,11,0
76543212323213,100205,11,0
76543213113131,89279,11,0
